{"count":1,"self":0.1855364,"total":23.0340553,"children":{"AgentResetIfDone":{"count":63,"self":0.0009973,"total":0.0009973,"children":null},"AgentSendState":{"count":63,"self":0,"total":0.000998,"children":{"CollectObservations":{"count":756,"self":0.000998,"total":0.000998,"children":null}}},"DecideAction":{"count":63,"self":22.807624,"total":22.8365492,"children":{"AgentInfo.ToProto":{"count":63,"self":0.0149606,"total":0.028925299999999998,"children":{"RayPerceptionSensor.Perceive":{"count":756,"self":0.0139647,"total":0.0139647,"children":null}}}}},"AcademyStep":{"count":63,"self":0.0009969,"total":0.0009969,"children":null},"AgentAct":{"count":63,"self":0.0069812999999999993,"total":0.0069812999999999993,"children":null}}}