{"count":1,"self":3.2415912,"total":83.3000747,"children":{"AgentResetIfDone":{"count":9459,"self":0.0289222,"total":0.0289222,"children":null},"AgentSendState":{"count":9459,"self":0.23718299999999998,"total":0.3677411,"children":{"CollectObservations":{"count":113508,"self":0.13055809999999998,"total":0.13055809999999998,"children":null}}},"DecideAction":{"count":9459,"self":75.092288,"total":78.97952029999999,"children":{"AgentInfo.ToProto":{"count":9459,"self":1.9403746,"total":3.8872302999999997,"children":{"RayPerceptionSensor.Perceive":{"count":113508,"self":1.9468556,"total":1.9468557,"children":null}}}}},"AcademyStep":{"count":9459,"self":0.0129692,"total":0.0129692,"children":null},"AgentAct":{"count":9459,"self":0.666338,"total":0.666338,"children":null}}}