{"count":1,"self":10.2973392,"total":12.9850844,"children":{"AgentResetIfDone":{"count":11959,"self":0.1626274,"total":0.1626274,"children":null},"AgentSendState":{"count":11959,"self":0.762585,"total":1.4341123,"children":{"CollectObservations":{"count":143508,"self":0.67152729999999994,"total":0.67152729999999994,"children":null}}},"DecideAction":{"count":11959,"self":0.1545345,"total":0.1545345,"children":null},"AcademyStep":{"count":11959,"self":0.0567945,"total":0.0567945,"children":null},"AgentAct":{"count":11959,"self":0.87867869999999992,"total":0.87867869999999992,"children":null}}}