{"count":1,"self":2.819898,"total":3.7314065999999997,"children":{"AgentResetIfDone":{"count":4938,"self":0.049810099999999996,"total":0.049810099999999996,"children":null},"AgentSendState":{"count":4938,"self":0.30009749999999996,"total":0.5367788,"children":{"CollectObservations":{"count":59256,"self":0.23668129999999998,"total":0.23668129999999998,"children":null}}},"DecideAction":{"count":4938,"self":0.0415554,"total":0.0415554,"children":null},"AcademyStep":{"count":4938,"self":0.018739,"total":0.018739,"children":null},"AgentAct":{"count":4938,"self":0.26362769999999996,"total":0.26362769999999996,"children":null}}}